CAIC,FEEV,BGEV,DGMC,VLME,NSIE,EAHL,HTTR,VACC,EDCA,KKPI,BFFE,ENGO,SSET,CAVO,DENS,HOGF,LKGH,LBLE
344446,2.699,3.462,2.586423599,178.513,16,0.006,171.4361824,6.984719912,2213,0.470700549,9.037595929,197,2,1.99592E-05,0.048298953,677,10.00567446,324.801799
278083,2.696,2.879,3.786476423,365.272,32,0.008,143.400188,7.487565935,2076,0.738788961,9.644644416,147,5,4.26406E-05,0.072941871,587,10.00015432,328.7852538
364876,2.775,3.653,3.001420455,301.775,28,0.012,148.4239868,4.613471751,2050,0.41528578,4.792810851,136,5,3.42883E-05,0.07782363,652,10.00173534,332.443331
319198,2.783,3.015,3.745177,436.183,38,0.013,115.2510879,7.639380089,2043,0.335563831,4.687615042,113,3,1.34269E-05,0.062733122,580,10.00533124,321.2031607
264238,2.747,2.578,3.177582323,421.286,36,0.016,114.8990489,2.459592551,2804,0.795845714,7.811322727,193,5,4.42265E-05,0.087777137,674,10.00278268,323.9258977
281136,2.763,3.293,3.607845103,149.207,14,0.024,63.94646713,2.191502377,2189,0.689792777,6.230306153,172,5,3.29971E-05,0.037792246,639,10.00042267,323.0852771
321622,2.65,1.052,2.729119288,291.575,28,0.027,63.15020288,5.959198991,2162,0.986754488,6.542067067,170,4,4.88798E-05,0.098685828,606,10.00287135,327.2981843
289269,2.676,3.384,4.112156602,365.179,32,0.029,68.24886663,3.501200893,2154,0.464089299,4.557709133,161,3,1.05326E-05,0.077687161,675,10.00595823,322.5933157
352018,2.822,0.612,3.676461851,218.36,20,0.038,240.4660862,5.072955819,2427,0.056203022,5.692589431,188,5,3.50898E-05,0.076049431,657,10.00561655,323.9281114
275884,2.823,3.447,3.723228282,271.853,22,0.04,76.25901891,6.502868142,2928,0.730044306,4.313820089,171,4,4.67626E-05,0.024261458,619,10.00585926,323.2033781
282798,2.66,2.785,2.457340308,358.984,32,0.044,194.1429426,3.993101711,2338,0.301706921,8.867267668,150,4,7.55353E-06,0.049447888,590,10.00935253,326.0400296
274323,2.818,3.397,3.087769262,271.581,22,0.045,196.1724526,7.628444561,2795,0.02017649,9.984277032,105,1,3.97151E-05,0.02662101,605,10.00075818,329.9221377
291895,2.697,2.461,3.667949774,636.288,52,0.049,183.9831091,3.867911635,2395,0.333352273,7.022646684,179,1,2.88148E-05,0.037430237,688,10.00837162,330.9104488
269978,2.496,0.988,2.448425371,471.249,46,0.052,119.8704637,7.698788367,2774,0.640525868,9.174427287,149,4,9.13584E-06,0.090646384,664,10.00418543,326.3382695
309679,2.721,0.921,2.676993202,840.856,78,0.058,224.1249672,5.422948551,2415,1.079089583,9.687840735,133,3,3.6796E-05,0.075557838,565,10.00831253,325.9048369
264878,2.649,0.584,3.657512908,175.701,16,0.067,184.4934268,4.065706626,2840,0.31855884,6.501754468,113,5,4.00192E-05,0.055338086,621,10.00551089,326.2694662
359436,2.942,3.823,4.052713046,980.879,68,0.069,160.2861454,7.273980701,2245,0.75176978,9.444064108,127,2,1.0415E-05,0.037251261,686,10.00932468,326.8046439
261133,2.712,1.262,3.683478612,429.302,34,0.073,112.0923597,4.141340425,2743,0.532112507,9.679782377,192,2,4.30757E-05,0.093272459,632,10.00221607,329.0170058
260404,2.769,3.188,3.365852502,929.064,64,0.077,135.5022403,6.119922078,3089,0.143627716,10.52866475,143,4,4.36045E-05,0.056431444,654,10.00352012,329.2614926
349204,2.782,1.497,2.259936408,228.983,20,0.078,117.9035656,7.147719327,2398,0.513808496,5.271981659,160,1,1.70019E-05,0.067064333,635,10.00797801,328.5274711
340807,2.871,2.736,4.165541487,349.386,28,0.082,209.9229211,4.036491526,2683,0.760381326,7.813329485,100,3,1.72738E-05,0.002089065,645,10.00055952,330.2682216
357767,2.612,0,2.338289408,362.254,30,0.083,233.851791,5.610112667,2604,0.124033593,7.09687545,175,4,4.57615E-05,0.034039393,596,10.00181847,322.405994
311294,2.794,2.862,3.109994256,389.814,34,0.083,122.623506,7.412758269,2736,0.12506392,3.124419903,192,4,2.1362E-05,0.090203125,664,10.00972689,330.408464
268017,2.868,3.261,3.018464054,355.18,28,0.085,190.6554041,7.548425603,2759,0.181142082,4.89802949,120,3,4.13991E-05,0.098631944,572,10.00117735,331.5134867
292991,2.778,3.169,3.716987566,251.377,22,0.085,240.6145365,2.97339944,2286,0.902629201,10.29960191,152,5,7.20547E-06,0.082484768,553,10.00614814,328.7338705
290798,2.653,0.716,3.891009391,288.498,24,0.085,235.7493697,5.768667469,2752,1.056487677,5.658613947,164,1,1.11804E-05,0.028704554,559,10.00497246,329.9837148
333839,2.608,0,2.939804812,361.543,30,0.087,218.2139141,2.259957341,2306,0.01762869,9.973065137,107,2,4.9963E-05,0.066326816,579,10.00394862,332.5446641
337869,2.607,0.37,2.77293201,359.241,30,0.087,72.49675153,6.168737963,2719,0.195215308,5.188698276,137,1,1.66564E-05,0.079720851,554,10.00291323,324.0320545
357833,2.589,0.982,3.479057469,608.454,56,0.088,89.66947578,2.365097014,3006,0.189037443,4.164299824,160,1,2.67168E-05,0.079165042,675,10.00809086,325.5595114
337891,2.329,0.915,3.246679829,147.276,15,0.088,84.22886681,2.3056399,2822,0.60169672,3.762798232,146,4,1.91705E-05,0.027364124,565,10.0078278,329.9260456
310036,2.605,0,3.396173047,360.853,30,0.089,82.04597319,6.647017522,2810,0.052335164,7.318724696,194,3,3.88096E-05,0.021114563,557,10.00897662,322.4004338
292481,2.604,0,2.930918421,359.343,30,0.09,125.3847221,6.683582533,3044,0.508034125,9.599454615,157,5,4.30779E-05,0.0283522,562,10.00016318,324.0021502
360555,2.832,1.37,3.901994898,413.524,36,0.091,90.51258753,6.324410254,2341,0.096547677,6.351457756,195,2,4.31157E-05,0.088950919,660,10.00636889,332.3216932
327934,2.79,1.342,2.334574237,1518.85,132,0.091,93.57785165,5.41424078,2479,0.230130729,5.382839578,162,3,4.99017E-05,0.076891453,669,10.00211023,321.3425831
326687,2.601,0,3.484578517,348.469,30,0.093,54.38862037,7.057622042,2800,0.51561372,7.519318757,138,4,3.92285E-05,0.084204718,575,10.00885935,324.0956542
303303,2.439,1.291,4.127908445,208.787,24,0.095,151.6160487,6.456229039,2236,0.198282432,5.017531153,161,5,2.67005E-06,0.040508435,629,10.00876434,333.2512464
365426,2.82,2.703,2.354444436,217.186,20,0,194.1346936,7.093279716,2837,0.4843553,9.051716869,125,4,4.07249E-05,0.011161139,596,10.0062897,327.6797944
354651,2.82,2.755,2.306861154,431.516,40,0.001,242.4620046,7.529485903,2606,0.643517073,9.830581955,167,3,3.51622E-05,0.02273452,644,10.00006284,324.5663745
297315,2.625,3.443,3.129484342,350.466,32,0.001,179.6693444,2.372211089,2023,0.333406645,3.853351866,190,2,4.99732E-05,0.011359379,688,10.00751562,328.9093558
350331,2.621,3.027,3.111837588,174.862,16,0.005,60.16387401,3.845509212,2196,0.297013773,9.42015447,158,3,2.16122E-05,0.061392293,662,10.00932888,323.7181255
290593,2.619,3.401,3.241553152,357.648,32,0.007,159.2080142,4.90672879,2169,0.426724702,6.86492608,178,2,4.43711E-05,0.008243339,635,10.00196286,328.445967
321530,2.985,3.362,2.704673985,457.962,32,0.009,247.9717451,3.240965506,3064,0.577155204,6.796296951,147,5,1.30304E-06,0.08745119,571,10.00047244,326.1872078
322076,2.731,3.415,3.888699921,297.609,28,0.011,89.78971571,2.508831235,2969,0.776506105,9.690183748,102,1,2.42727E-05,0.073287541,557,10.00925033,328.8955218
339224,2.61,3.026,2.763102233,360.726,28,0.012,73.05639831,7.709064375,2601,0.119039341,4.350765982,163,1,9.48411E-06,0.000455651,618,10.00358656,326.6029382
332587,2.608,2.967,4.023309224,1444.106,112,0.014,226.332385,2.416667977,2388,0.128903139,7.012950452,175,2,8.67325E-06,0.035246712,629,10.0032743,331.4997899
313612,2.608,2.969,3.466722686,1444.706,112,0.014,203.7315277,8.049575796,2721,0.249645549,3.629576674,147,2,5.32084E-06,0.049032852,650,10.00783668,326.2296595
305417,2.677,2.466,3.671429088,174.413,16,0.014,126.7100517,2.49474226,3005,0.853670012,6.704898312,146,5,3.411E-05,0.004380052,646,10.00977337,330.6651518
353181,2.722,3.442,2.351434618,148.024,14,0.02,197.5489224,2.058744193,2536,0.281920554,4.451333724,163,3,4.23253E-05,0.018530862,680,10.0085029,327.9344166
265560,2.601,2.904,3.866249405,358.057,28,0.02,73.84485536,3.398092712,2420,0.703055499,8.396329212,132,2,2.30522E-05,0.032964517,635,10.00493996,327.6493026
328590,2.71,3.159,2.251592898,427.934,38,0.021,73.64473519,7.430709968,2378,0.203967741,10.21108366,132,1,2.35271E-05,0.065590664,561,10.00820128,330.4520166
359775,2.599,0.401,2.873917501,179.222,14,0.023,211.5480353,2.584887756,2690,0.71236607,3.514464263,129,2,3.76852E-05,0.050282502,632,10.0046454,328.0544037
265995,2.603,3.448,3.363095209,354.961,32,0.023,170.5245492,3.329599584,2105,0.707082318,8.414196151,142,2,1.19554E-05,0.037249412,565,10.00394902,322.0715649
273991,2.635,3.028,4.121344385,408.228,36,0.024,99.02351406,4.688305244,2042,0.451960133,6.343855485,111,1,4.82926E-06,0.087555428,646,10.00759951,324.609048
357493,2.603,2.931,3.041558476,175.643,16,0.024,222.1886179,3.481715313,2920,0.750393087,4.665788621,180,3,1.95617E-05,0.087114251,670,10.00678504,333.4340493
286657,2.793,3.273,3.845010616,274.334,20,0.028,237.4062016,3.562940836,2596,0.32877296,8.963356852,152,1,4.08405E-05,0.057398241,557,10.00532496,321.0328209
318054,2.59,2.839,3.050760697,361.8,28,0.032,182.4237889,6.617374116,2251,0.395829054,8.28536978,120,5,2.81348E-05,0.03332371,644,10.00088039,325.4248815
348563,2.586,1.378,2.236243881,360.017,30,0.038,124.2736182,2.808241327,2842,0.367094653,6.968687032,100,5,3.64303E-05,0.005822718,586,10.00084202,322.3883869
354999,2.887,3.144,3.139393776,679.101,52,0.04,88.39878371,4.707197477,2125,0.195246376,3.717331442,174,4,4.70676E-05,0.028298484,567,10.00773447,331.7920953
291661,2.577,3.01,2.445484364,217.361,14,0.045,75.55356395,3.410692498,2704,0.353282903,8.960258553,199,5,2.43124E-05,0.02585967,676,10.00026903,328.866243
325104,2.879,3.186,3.861511932,687.841,52,0.049,165.2870548,3.010118426,2872,0.314839616,8.795662751,157,3,1.85186E-05,0.058942857,575,10.00893729,328.0436844
276278,2.572,3.028,3.335506449,1080.318,84,0.05,74.58540514,6.64612676,2344,0.365654982,10.32547235,184,2,4.83076E-05,0.086011555,679,10.00345198,329.4132071
353933,2.598,3.159,3.265794481,619.645,52,0.051,215.2160963,5.232657417,2184,0.673142833,10.44951541,179,5,3.3858E-05,0.041875221,585,10.00828431,323.4971684
316798,2.598,2.01,3.466238963,654.481,48,0.051,240.1124457,5.585098587,2348,1.010419664,9.653755377,111,4,2.50146E-05,0.028342824,554,10.0034971,323.3526225
290253,2.571,3.042,2.606950848,1074.67,84,0.051,170.5935282,6.591724192,3006,0.826054187,9.935628336,146,4,5.91511E-06,0.047628292,676,10.00560072,325.2275239
350095,2.754,3.222,3.717770927,267.162,22,0.051,131.0999557,2.546039739,2693,0.438289218,4.444346887,112,3,3.59125E-05,0.039811432,667,10.00053943,323.6439657
270909,2.57,2.899,2.379988758,189.186,14,0.052,216.0245398,6.272756268,2583,0.152466807,6.63209571,113,3,2.52398E-05,0.086581603,601,10.00130748,328.6356573
313828,2.476,1.715,3.230126305,472.581,46,0.055,106.6363122,6.613279395,2653,1.05373295,3.423321403,137,5,4.25643E-05,0.096106677,619,10.00921331,332.2971301
291222,2.566,2.955,2.722095641,194.528,14,0.055,104.1815201,3.57205945,2151,0.148398314,4.049436591,195,3,4.30596E-06,0.028147283,625,10.00597116,321.0761246
358903,2.748,3.392,2.913147715,256.015,22,0.058,143.8082045,2.587616283,2835,1.014981022,8.996284414,134,3,4.65294E-05,0.014279745,590,10.00617409,327.0961985
360711,2.868,3.215,2.429960128,352.651,26,0.059,175.8129955,4.171813517,2312,0.094663599,8.174748368,195,2,2.50883E-05,0.097685043,569,10.00404811,328.4079401
287878,2.562,2.871,4.062938321,361.839,28,0.059,154.0039281,5.076378826,2827,0.37525499,7.559896767,102,3,1.42058E-05,0.010831579,645,10.00963358,328.6400636
308359,2.564,1.331,3.306904076,347.513,30,0.06,148.3338363,7.111044089,2640,0.978881339,9.72594471,120,5,2.28492E-05,0.074349639,587,10.00239314,325.8140631
265072,2.564,1.684,3.884915053,383.694,30,0.06,162.1529376,7.526997112,2724,0.585354385,6.877443728,183,2,2.81695E-05,0.029164796,606,10.00371721,324.092246
362657,2.324,1.646,2.896621164,287.056,32,0.06,159.7168822,5.097585027,2593,0.443266544,8.603175351,135,4,2.01203E-05,0.078684085,648,10.0015178,331.7998765
331368,2.561,2.724,2.24738295,355.354,28,0.061,245.5113523,5.729415134,2380,0.823549454,8.961945681,125,5,1.96954E-05,0.027138531,622,10.00894311,326.6596852
343836,2.56,2.587,3.180591224,174.534,14,0.062,104.9557586,3.500404709,2460,0.342012916,7.311094551,142,1,2.10796E-05,0.056150334,586,10.00118563,324.8216469
311993,2.562,1.511,3.121126233,351.593,30,0.062,90.73881361,7.165564681,2353,0.095659796,5.386904599,157,5,2.81029E-05,0.042760094,564,10.00700042,324.4973991
337619,2.56,2.727,3.541860849,356.057,28,0.062,235.7315358,7.533198904,2717,0.822410588,4.434733785,178,1,2.81653E-06,0.085118231,658,10.00845282,325.1843285
312980,2.913,3.661,2.506917915,940.148,68,0.062,166.2483233,4.338853271,2636,0.309182577,5.338110705,161,2,9.99656E-06,0.002779149,559,10.00719542,325.851139
346350,2.955,3.031,2.361951309,400.68,31,0.063,189.3320665,6.995123722,2816,0.818666949,7.462921162,186,2,1.13483E-05,0.035076211,579,10.00435394,328.124685
337411,2.561,1.259,2.809124409,357.383,30,0.063,86.9039194,5.188540612,2131,0.222934802,3.646559845,128,1,3.23648E-05,0.044178949,679,10.00203507,324.6633573
270413,2.555,2.576,2.369814661,335.324,28,0.066,189.2861339,4.480204286,2529,0.552907696,3.20389897,129,4,4.52888E-05,0.0781373,610,10.00276671,330.3766344
275017,2.553,2.736,4.073855182,1234.971,84,0.068,118.0359092,5.106588245,2872,0.340479863,6.859680011,109,5,2.45557E-05,0.05471998,568,10.00746946,323.5868743
267288,2.556,1.923,3.47581593,363.781,30,0.069,232.1188257,6.322913962,2190,0.142044372,6.424585871,151,2,2.2666E-05,0.056008991,558,10.00935306,328.232589
272724,2.553,2.164,3.231088475,625.575,56,0.069,179.8671606,2.141193691,2018,0.964271282,4.337339514,135,5,7.87981E-07,0.017496934,557,10.00297688,330.9355424
288852,2.84,3.081,2.430439952,351.384,28,0.069,238.3847206,4.078216774,2281,1.055426445,4.8669273,167,5,4.59925E-05,0.029145388,563,10.00716903,327.1088421
319362,2.696,3.017,3.614503562,899.949,64,0.072,131.2548528,2.948429654,3001,0.950956841,4.262174207,177,4,1.08321E-05,0.000598904,588,10.00685544,331.9874499
324277,2.553,2.649,2.306895712,373.622,32,0.073,172.4063008,7.172441146,2324,0.809194205,6.686231919,155,1,2.3405E-05,0.084819571,639,10.00165663,324.3010867
322814,2.898,3.171,2.687135531,902.44,68,0.077,84.13508114,2.48669824,2767,1.02072112,3.876145461,141,3,2.52378E-05,0.011724181,635,10.00178014,333.1364975
320444,2.409,1.658,3.290301019,208.83,24,0.078,187.8693064,3.869017151,2166,0.083112777,7.330459255,183,5,2.56381E-05,0.096734366,553,10.00486262,325.4410144
333217,2.827,2.614,3.954204158,344.39,28,0.081,239.0261989,2.196325607,2181,0.281729063,6.397885861,156,1,3.10969E-05,0.007366452,621,10.00794968,323.7512223
270038,2.758,3.073,3.160737813,383.352,34,0.082,165.2640418,4.435186876,2180,1.036367814,10.01762907,116,4,2.81808E-06,0.047225842,605,10.00190994,325.9099539
352502,2.257,1.476,3.143403125,145.111,15,0.083,126.497579,4.243861457,2610,0.921944665,8.885597871,146,3,5.68189E-06,0.001808473,559,10.00788378,331.6128369
320340,2.528,2.351,2.28380959,336.427,28,0.094,208.2424473,6.536865609,2496,0.930585947,7.897425119,134,2,7.64038E-06,0.004142324,587,10.00757966,325.1199239
321172,2.89,0.332,3.443847363,621.599,48,0.095,103.7712948,4.437904976,2110,0.725476168,3.173877353,169,2,1.03959E-06,0.040493007,680,10.00148635,321.4362002
288016,2.785,0.03,3.400110417,426.538,36,0.098,204.6106477,5.029896358,2699,0.560704798,3.826020774,170,2,4.54671E-06,0.040144836,619,10.00569541,326.2004068
292413,2.876,0.264,3.222097577,687.797,48,0.109,104.6650371,5.622235856,2672,0.129123704,5.825260542,115,1,4.74341E-05,0.02406827,570,10.00499171,323.4543464
336081,2.423,2.528,3.530807006,1219.453,78,0.117,241.9222377,2.812825749,3061,0.954902189,6.13769146,173,4,3.3898E-05,0.09097321,661,10.00209638,325.424537
303274,2.537,2.957,3.295985882,170.265,16,0,116.3396915,3.03276695,2982,0.479053057,4.02924788,127,2,4.24877E-05,0.008473466,648,10.00306492,327.4081733
319166,2.523,2.934,2.814787608,171.08,16,0.014,234.3139718,7.599959364,2937,0.760976601,10.38105375,106,2,2.6758E-05,0.084305656,588,10.00017912,323.8343105
266474,2.516,2.769,3.988476543,347.706,32,0.02,100.3580191,5.435702508,2793,0.445222157,6.69506175,191,1,3.41997E-05,0.078351208,576,10.00481664,332.9581526
341668,2.515,2.827,2.887125777,352.365,32,0.021,95.81798582,6.510783446,2056,0.075469933,6.121807335,135,3,3.78927E-06,0.051755637,614,10.00158363,328.8207783
262591,2.51,2.457,3.888476586,177.349,16,0.027,204.8920768,3.252348022,2993,0.753103435,6.506208458,179,4,2.8869E-05,0.050366302,563,10.00880635,331.3035698
274274,2.617,2.876,3.319034478,420.615,38,0.038,225.7365745,5.279089695,2747,1.09840041,7.538560877,120,1,2.52414E-06,0.006199574,573,10.00270268,332.1551957
276700,2.495,2.684,3.159554664,349.97,32,0.042,98.55492134,5.399984175,2120,0.562049402,8.908198644,132,5,1.00572E-05,0.016188238,684,10.00096818,327.9546312
335115,2.452,0,3.645211478,344.253,30,0.043,221.8148445,6.8799032,2263,0.962626661,9.808188712,133,3,3.50276E-05,0.021727125,569,10.00134757,328.8603322
330131,2.478,2.825,2.524434012,599.601,52,0.047,242.8578309,6.47976253,2451,0.308069146,4.604741909,103,5,1.99891E-05,0.035961627,557,10.00734686,330.7885945
292880,2.444,1.941,3.847292438,474.87,46,0.048,231.5569497,2.069575734,2651,0.310021541,5.61527211,134,5,2.43767E-05,0.088432393,654,10.0024949,323.8248612
326774,2.638,1.711,2.747210384,263.753,20,0.052,199.9652359,7.079631124,2915,0.387730808,9.048487821,180,5,3.10621E-05,0.035490805,666,10.00683144,323.7311916
329666,2.687,3.233,3.673143634,261.142,22,0.053,114.4461889,4.042456605,2496,0.159105343,8.795881642,192,1,4.82917E-05,0.038596913,628,10.00356189,333.0786922
355264,2.438,0.315,2.373402094,353.345,30,0.057,216.7200461,6.20377709,2174,0.444315181,9.386492523,143,2,4.03074E-05,0.031989494,626,10.00181719,321.464268
277805,2.632,1.238,3.159795423,212.692,20,0.058,112.2611345,4.390999062,2069,0.824195955,9.091482641,118,3,4.09103E-05,0.027609517,564,10.00950985,324.901576
300783,2.436,0.35,3.015671393,351.323,30,0.059,245.3099876,4.622292668,2152,1.070221094,9.011881939,154,1,3.0014E-05,0.059679544,688,10.00109412,322.2372822
363301,2.376,1.281,3.636746563,1399.85,112,0.06,127.6499651,6.019466075,2364,0.142002445,10.78617398,185,4,2.65055E-06,0.008444443,609,10.00688721,326.8145398
338048,2.433,0.541,2.444504977,346.722,30,0.063,115.9266081,6.140229146,2113,0.465296507,8.400127749,190,5,4.38401E-05,0.048819691,591,10.00309154,332.2998187
339667,2.372,1.468,2.598240735,354.341,28,0.063,220.6703512,5.997978888,2551,0.870886866,8.591907056,164,1,3.61375E-05,0.048385063,636,10.00399289,325.2962307
349723,2.372,1.373,3.039354608,176.961,14,0.064,73.22526463,8.024236596,2467,0.601923889,8.148916596,197,5,3.5503E-05,0.061218894,613,10.00392283,326.911535
343298,2.431,0.022,3.57620621,353.617,30,0.064,207.9252975,5.344592013,2854,0.750449396,5.722259357,162,5,3.20632E-05,0.033116049,665,10.00530459,331.3397693
265944,2.369,1.374,2.369660586,347.967,28,0.066,247.542176,2.94705799,2907,0.942930887,7.556066164,109,1,1.73543E-05,0.035087608,564,10.00232217,326.3612315
271919,2.369,1.59,3.538087965,174.957,14,0.067,83.21243154,6.837117051,2180,0.161422787,3.940906912,200,4,2.40193E-05,0.020307704,581,10.00651613,324.8506684
335155,2.598,2.727,3.185791002,872.856,64,0.069,190.9652307,5.99387579,2361,0.208970657,5.653071307,166,5,8.571E-06,0.076832188,564,10.00695624,331.1462225
262579,2.669,2.883,3.069796839,253.565,22,0.072,108.3213379,7.792198949,2450,0.325218965,9.23779075,142,1,1.49936E-05,0.056633824,645,10.00526862,331.280349
311764,2.858,3.254,4.167075878,943.786,68,0.075,118.2575709,5.483968306,2454,0.856071355,3.69674543,172,5,2.44936E-05,0.088088615,668,10.00046359,325.6128178
265186,2.418,0.147,3.914111571,357.078,30,0.078,141.0333586,3.725451863,2925,0.444026709,8.136808258,184,5,3.33697E-05,0.001384677,552,10.00581668,328.4755565
302840,2.357,1.434,4.056236476,177.732,14,0.079,60.26332635,6.97105009,2562,0.66506671,4.994691256,115,1,4.1452E-06,0.075184832,672,10.00932077,323.6045144
342874,2.352,1.403,2.425718175,1043.295,84,0.083,225.0409679,6.8194805,2113,0.758062162,7.808163077,128,1,2.5528E-05,0.010836268,631,10.00451037,328.5587337
316966,2.772,3.159,4.123548011,341.661,28,0.085,113.6859638,7.130649212,2265,0.029350881,3.381092003,124,3,3.17585E-05,0.02022988,581,10.00180732,324.6725132
273840,2.349,1.474,4.184072931,169.421,14,0.086,133.9391539,5.999643663,2144,1.056914213,10.04360976,140,3,4.05424E-05,0.003322679,643,10.00056782,321.7684816
352928,2.539,0.724,3.481167674,436.508,36,0.089,105.0315312,2.75803727,2138,0.665523975,7.346280999,144,4,1.54542E-05,0.037232832,645,10.00348117,329.5684658
304935,2.347,1.494,3.465007615,1049.613,84,0.089,242.2966188,2.108203353,2302,0.68641035,8.499705512,124,5,1.49177E-05,0.06849414,590,10.00962286,323.4101751
315687,2.842,2.499,3.615379496,894.099,68,0.091,207.3017397,5.932244596,2659,0.876551566,7.583614602,153,2,1.02367E-05,0.087588005,646,10.00078101,328.039435
303847,2.706,2.938,2.487817595,379.735,34,0.092,131.6118749,3.789217888,2832,0.995234233,6.620425769,110,1,2.91261E-05,0.088193956,659,10.00179676,330.5217209
360474,2.341,0.892,3.316873977,273.243,28,0.095,74.51257523,7.186795072,2197,0.236259534,5.117993088,100,5,2.40536E-05,0.078728749,612,10.00933352,327.8924228
297973,2.338,1.255,2.640294724,347.495,28,0.098,120.2627592,6.646478428,2610,0.832393599,3.609021662,154,4,2.17116E-05,0.076293814,585,10.00185575,331.0401658
275870,2.338,1.386,3.314033436,184.681,14,0.098,223.1420178,3.450458188,2672,0.619075346,3.86125305,179,2,3.15399E-05,0.092622637,584,10.00407348,324.506534
330587,2.396,0.637,2.944742918,182.928,15,0.099,208.0877581,3.134084304,2410,0.537898597,10.38023492,152,4,1.9092E-05,0.043738761,594,10.00558061,323.6263663
272015,2.333,1.266,3.256006735,181.921,14,0.102,249.988949,5.194004413,2090,0.190515268,4.318658158,198,4,2.14335E-05,0.045247375,673,10.00550792,325.4015104
349033,2.301,0.235,2.325896962,431.503,38,0.103,235.7849012,6.395940258,3080,0.458134149,6.928156199,173,3,1.55908E-05,0.036551998,603,10.00392305,327.2259034
259562,2.332,1.552,3.989984866,192.593,14,0.104,186.5571171,5.000498395,2490,0.660035872,5.136307567,164,3,4.65759E-05,0.02003708,575,10.00882587,330.1760751
309166,2.705,3.052,3.068076319,175.842,16,0,94.58542397,2.094209875,2934,0.763791667,10.55354363,162,5,2.34283E-05,0.075261689,577,10.00034698,324.2244737
353939,2.705,3.07,2.45373786,354.747,32,0,101.3215092,3.669131119,3042,0.614387254,10.62775028,127,3,3.17063E-05,0.079940057,552,10.00341368,328.5046533
350081,2.695,2.882,4.183339598,359.824,32,0.01,247.0644886,7.538411968,3034,0.621464929,3.94544392,176,1,2.18204E-05,0.067769842,684,10.00377353,331.6960073
292990,2.694,2.88,4.047575069,361.437,32,0.011,131.1958688,7.048446585,2205,0.854794342,4.641018843,195,1,3.95667E-05,0.006831137,568,10.00345706,330.7178591
282359,2.694,2.965,3.302497466,365.204,32,0.011,228.04777,5.763917648,2577,0.011799531,8.148133766,117,2,2.59882E-05,0.092073173,578,10.00312262,325.8511714
274025,2.691,2.962,3.663796908,185.391,16,0.014,227.7088562,5.104586793,2932,0.075222161,3.569382315,128,1,2.60305E-06,0.092073098,670,10.00991118,333.1960428
331789,2.849,3.487,2.976394048,267.86,22,0.014,197.690829,2.188676509,2199,0.486660961,10.19422065,161,1,4.62047E-05,0.072426849,661,10.00085496,324.7922548
285125,2.685,2.823,2.234799588,356.585,32,0.019,119.8547291,4.081340997,2362,0.189772707,7.536421654,126,3,4.91285E-05,0.084798348,550,10.00071934,324.444054
268585,2.712,2.869,3.860841119,293.746,26,0.033,227.0401036,2.942742124,3085,1.101883787,4.862213963,182,1,8.03086E-06,0.011806791,560,10.00946137,324.4024426
273945,2.824,0.037,2.503773268,850.626,80,0.036,96.08277988,4.836431315,2922,0.552949089,9.907712106,167,4,2.5966E-05,0.0915488,574,10.00049403,328.3300933
340723,2.632,0.99,3.958751349,284.227,28,0.046,210.678427,2.675949809,2512,0.89662591,10.24557888,199,4,3.8097E-05,0.058001655,683,10.00317614,322.3072834
359895,2.972,1.369,3.16478785,1235.941,100,0.051,170.8656544,2.613654771,2941,0.09972233,3.884869592,103,1,2.87818E-05,0.077728128,551,10.00088968,322.905386
309134,2.626,0,2.622352197,141.676,14,0.052,173.0551055,6.217123408,2606,0.881339667,8.68983974,169,1,3.71358E-05,0.066512769,593,10.00107188,329.5948472
365768,2.623,0.11,3.104549038,864.216,84,0.054,234.9196172,2.460746269,2448,0.425975684,7.686333757,155,1,4.91524E-05,0.021995598,643,10.0018669,321.7910282
317373,2.65,2.852,3.344767981,763.324,64,0.054,126.7146264,7.807168673,2183,0.856231513,8.697183659,113,4,4.51912E-06,0.004489177,675,10.00188757,329.9601992
270157,2.95,3.376,3.414757332,1342.122,100,0.055,209.7415898,7.270950251,2284,0.807454623,4.31048768,160,2,1.94332E-05,0.069940357,563,10.00419533,327.6535782
279902,2.968,1.154,3.66555416,1165.318,100,0.055,126.9903978,7.580944218,2578,0.252473328,3.894751102,140,1,4.70813E-05,0.08010465,572,10.00905429,325.0262368
280468,2.757,1.363,3.080526266,998.5,92,0.059,190.6380076,5.789596357,3003,0.19710256,7.60962751,103,5,4.21439E-05,0.088877473,672,10.00593492,328.0384254
271070,2.802,3.072,3.948639989,827.376,66,0.061,207.0496918,5.815087683,2926,0.364412334,3.54936666,121,3,3.91432E-05,0.071736397,585,10.00559226,323.5877208
298264,2.779,3.077,2.824005549,770.62,64,0.067,81.95078273,6.498700695,2466,0.578644142,4.497931271,131,4,8.66113E-06,0.029186492,671,10.00432606,326.4587217
338661,2.709,1.472,2.602231379,559.694,52,0.069,171.409425,5.435959517,2376,0.712959873,8.672094162,140,2,4.62463E-06,0.095514649,676,10.0031642,332.3121758
321608,2.791,2.607,3.950887042,750.79,66,0.072,108.3837955,4.301672749,2163,0.390865584,3.354056914,100,5,2.07682E-05,0.087364395,551,10.00244212,323.2180069
288306,2.939,3.783,4.03597255,989.646,68,0.073,172.2984686,4.611379017,2356,0.185059135,4.775620746,139,3,7.68682E-06,0.045116956,627,10.0029401,331.3881556
331853,2.603,1.059,3.499169033,307.52,28,0.074,145.486534,4.102868036,2781,0.548306906,10.0744073,162,5,3.88983E-05,0.064298884,615,10.00777534,325.1315371
273042,2.762,1.527,3.210557722,1123.305,84,0.076,180.6235957,6.237205816,2478,0.661801365,7.224719893,157,2,3.56167E-05,0.059500078,629,10.00910188,322.6776506
308441,2.529,0.235,3.226157317,436.412,40,0.077,196.4708206,6.278248964,2793,0.615017332,9.368899179,112,5,2.3783E-05,0.068147869,645,10.00994172,321.1806024
326492,2.784,2.76,3.738362872,750.671,66,0.079,211.1836926,5.4120775,2729,0.710333489,8.180413762,168,1,4.68885E-05,0.01011849,587,10.000921,326.2673136
323876,2.666,2.696,2.420187335,329.286,26,0.079,81.84422392,3.439941703,3082,0.068029421,3.884445189,200,3,2.03661E-06,0.054760856,550,10.00920226,332.6855171
329853,2.78,1.2,3.512697729,860.04,80,0.08,60.59436627,4.594475963,2693,0.581124592,6.157747572,138,5,7.63299E-06,0.090411048,664,10.00979954,332.529757
259662,2.595,1.267,2.817538158,683.102,56,0.082,211.5738309,5.350244535,2030,0.786292603,8.638527693,123,1,3.70043E-05,0.084220244,578,10.00317064,330.4982327
268703,2.764,3.248,2.46102901,959.619,64,0.083,187.4571013,2.407025157,2079,0.329668844,10.64043676,196,5,1.83369E-05,0.053978835,638,10.00335516,327.1436678
343918,2.591,1.569,2.42872756,342.286,28,0.087,205.022078,7.431085639,2982,0.109709853,5.420226522,143,5,7.00898E-08,0.093412542,669,10.00485789,321.1411015
290477,2.481,0.889,3.128923727,602.169,60,0.088,89.45241194,6.926171804,2871,0.185084967,3.3762317,148,3,1.92104E-05,0.038241659,581,10.00326067,322.9870796
346696,2.584,0,3.76417808,132.65,14,0.093,89.39283848,5.530900796,2394,0.878870088,6.485831747,118,1,5.73208E-06,0.085124295,610,10.00885333,321.6960988
350418,2.581,0.903,2.2493077,136.74,14,0.097,223.7755437,7.263339015,2671,0.745490573,5.444276732,146,2,4.4853E-06,0.068869536,599,10.00008668,329.8017895
315222,2.626,3.121,2.39357374,347.336,32,0,231.1834383,6.23202447,2639,0.447570664,9.962290866,182,5,4.08312E-05,0.099665262,686,10.00609953,325.8936899
279132,2.626,3.124,4.015919479,172.094,16,0.001,190.0506346,6.254606064,2492,0.883753753,8.300115262,100,3,8.34661E-06,0.094536797,611,10.00884604,323.2667556
297093,2.818,2.745,2.622330745,856.726,80,0.003,216.4095376,3.319635198,2942,0.279921507,10.37674801,157,3,3.1575E-05,0.020960635,566,10.00930009,323.1444869
290134,2.621,2.993,2.399612109,350.604,32,0.005,199.0906981,7.890153083,2417,0.269915412,9.354002254,101,2,2.22863E-05,0.046535618,664,10.00448808,321.7955473
318677,2.621,3.089,3.319640849,352.518,32,0.005,127.8228947,3.463314002,2660,0.137401375,6.593990582,160,4,3.75621E-05,0.090453731,639,10.00353403,332.2501206
345526,2.56,2.314,3.365369007,433.391,40,0.008,148.3061891,4.829274057,2315,0.316837823,7.961202204,101,4,1.33902E-05,0.05560944,619,10.00980783,326.3078239
303672,2.618,2.946,3.029552778,357.063,32,0.009,87.27668562,7.059768534,2665,1.01413833,10.70938539,180,2,1.84451E-05,0.077387358,579,10.00214646,332.2699194
319502,2.611,2.3,3.060336707,288.72,28,0.01,90.64348498,3.823301624,2209,0.080330385,8.261736691,167,3,2.6974E-05,0.054848216,673,10.00087164,330.0214945
315925,2.81,3.023,3.805270835,141.451,10,0.011,108.3058655,6.725924238,2722,0.478423405,8.869114492,118,5,7.2284E-06,0.033281742,564,10.00318945,327.9666
349150,2.615,2.965,2.529219238,182.303,16,0.011,131.8512121,7.575935333,2802,0.176670069,9.315986159,159,5,2.06102E-05,0.040366434,569,10.00100567,326.8501027
271042,2.613,2.924,3.472919755,350.111,32,0.014,199.3202493,4.037573468,2218,0.93873247,6.179141213,134,2,1.76823E-05,0.020319935,600,10.00739685,329.7486609
269563,2.791,3.314,2.346072269,262.576,22,0.015,207.7329617,4.120787172,2935,0.908305509,5.214314894,155,2,4.51043E-05,0.068091068,588,10.00925005,329.598157
289274,2.604,2.961,3.091632847,355.979,28,0.018,190.2409585,3.692225421,2569,0.297589438,6.523718355,145,1,3.55453E-05,0.019940144,551,10.00117026,327.5525175
278453,2.607,2.957,3.146256361,359.989,32,0.02,116.0587674,4.499664456,3048,0.935717914,6.389002695,171,3,4.35134E-05,0.007004501,571,10.00803648,330.0919173
316487,2.598,2.959,3.116378153,714.127,56,0.023,95.46213445,2.375154998,2210,0.599933718,4.95732323,130,5,4.05974E-05,0.075959084,571,10.00092149,327.5346614
335574,2.598,2.979,3.319173329,715.629,56,0.024,234.7720862,2.693243695,2851,0.5803032,8.318165205,145,2,3.35093E-05,0.018711269,666,10.00590273,321.9812923
295017,2.597,2.963,3.722809204,358.902,28,0.025,202.5311696,4.73963762,2213,0.845687471,8.901272586,100,3,2.16733E-05,0.015632367,606,10.00734708,323.8008192
280344,2.597,2.874,3.794642873,179.638,14,0.025,172.1700943,2.388421739,2333,0.682326979,4.167596717,171,4,4.45885E-05,0.056933545,564,10.00376806,326.664062
336111,2.976,3.386,2.25234625,1243.201,100,0.032,196.0953873,7.371018294,2198,0.936831106,9.426388104,138,3,6.98541E-06,0.060629209,630,10.0035423,331.015624
342146,2.588,1.657,3.055252105,141.773,14,0.034,231.7939098,8.030167569,2924,0.451834832,4.056748065,134,3,1.2547E-05,0.054818931,577,10.00593999,331.9162328
288610,2.587,1.675,3.3863234,846.947,84,0.035,207.49809,3.096310186,2521,0.336033024,6.395795639,110,3,2.23468E-05,0.004721501,664,10.00892163,323.8527014
317465,2.971,3.262,2.780299232,1178.251,100,0.037,245.5418852,4.15676178,2082,1.103945557,5.656805224,142,1,3.17776E-05,0.033187918,594,10.00549954,330.0730428
299753,2.743,2.78,3.477632492,983.89,92,0.038,213.3345926,7.643363187,2838,0.198297598,4.044436006,195,3,1.03044E-06,0.030727303,563,10.00005718,331.8990957
364752,2.582,1.989,2.719755341,283.063,28,0.04,92.96916194,6.618437055,2164,0.369578174,6.491602467,189,5,4.99609E-05,0.01335652,636,10.00045821,332.0237837
314550,2.58,2.87,2.814178789,353,28,0.042,173.5439568,5.621105495,2383,0.212445968,9.529079627,161,3,4.62293E-05,0.04333205,606,10.00081058,333.3083563
276266,2.952,3.053,3.978635402,397.806,32,0.043,180.3205872,2.755534183,2189,0.011520506,6.346300939,149,3,1.68129E-05,0.056777207,660,10.00168499,329.2497701
342893,2.603,3.129,2.811025105,285.751,26,0.046,107.1748629,2.116280862,2622,0.573019286,3.605324263,121,2,1.38843E-05,0.05603737,562,10.00890064,325.5473752
342859,2.904,3.152,4.057139792,1338.234,100,0.05,129.3874065,3.132005104,2786,0.673674471,3.83790095,104,4,4.51177E-05,0.034831847,660,10.0075208,322.9308533
331399,2.77,2.981,3.186854642,921.698,80,0.051,220.5941213,2.872875069,2034,1.078557832,9.259667765,143,2,6.50562E-06,0.041106197,653,10.0025307,322.8933954
272340,2.569,2.833,2.911319059,358.537,28,0.052,173.5290305,3.631930712,2675,0.563216266,4.648804476,105,2,9.54294E-07,0.042147719,574,10.00058783,331.6415628
273198,2.566,2.63,4.154524833,356.872,28,0.055,91.33120608,4.61427665,2288,0.829357155,10.41721177,121,4,2.28726E-05,0.074169498,668,10.00499481,331.6916499
326113,2.571,2.78,3.649233096,747.562,64,0.056,251.3595504,5.486362148,2995,0.403139507,9.464764534,131,1,2.88964E-05,0.069836706,569,10.00184326,327.6401
291244,2.565,2.855,3.283144102,715.92,56,0.057,221.9343301,7.60999623,2611,0.586682096,10.69488033,174,3,3.03276E-05,0.05394005,611,10.00631521,331.4918494
279077,2.691,2.512,3.201497143,562.749,52,0.057,92.05206165,4.537266292,3032,0.028531718,4.833929924,135,3,4.47877E-05,0.023081016,689,10.00736307,326.718286
261518,2.564,2.73,3.628013323,360.121,28,0.058,130.8428554,5.538653993,2087,0.118319101,9.735265949,103,2,7.07473E-07,0.03913544,587,10.00592485,328.7531641
297194,2.748,2.917,3.507580366,811.767,66,0.058,66.22567599,6.75387038,3054,0.50857226,6.998216658,120,1,4.99779E-05,0.049985989,561,10.00087084,327.258343
365796,2.563,2.551,3.469192632,346.859,28,0.059,134.8460609,2.456802299,2615,0.643914595,4.484770139,104,1,4.51269E-05,0.099916601,578,10.00139008,330.5925115
271886,2.142,1.438,3.425256535,287.012,31,0.062,248.2095598,6.132597898,2427,0.607666127,7.255094458,199,1,2.14436E-06,0.030431774,576,10.00615685,331.3959632
275517,2.757,3.23,3.763566816,601.224,40,0.064,146.4981187,7.796618104,2042,0.860354362,6.906965702,156,2,3.58067E-06,0.049052287,590,10.00256064,330.5616372
352179,2.918,3.155,2.390448474,1257.084,96,0.067,209.7515246,3.590768089,2505,0.099596205,10.19010687,171,1,1.19164E-05,0.036263715,688,10.00758409,328.1275107
298019,2.554,2.603,4.009407977,350.638,28,0.068,206.2250468,5.076025746,2241,0.635998997,6.403420933,128,2,1.22057E-06,0.097113475,586,10.00565473,323.3484093
349557,2.858,3.182,2.580472991,682.572,52,0.069,74.08759656,2.813524244,2904,0.747801654,5.158302834,178,1,3.90677E-05,0.099135883,636,10.00233392,329.7445345
348908,2.551,2.631,2.365103695,344.706,28,0.07,185.0775621,2.663536918,2489,0.097434182,6.998357494,155,2,2.10288E-05,0.092485298,683,10.00502729,327.3254074
313062,2.365,2.493,2.548545171,157.939,11,0.072,201.7117352,2.160122943,2575,0.739460423,8.172708429,175,3,2.61759E-05,0.023851359,579,10.00225185,326.8528303
336936,2.899,3.435,2.686742774,977.912,68,0.076,213.0149761,2.849443568,2548,0.277371464,9.034778837,128,1,2.93893E-05,0.052671006,586,10.00590853,330.8811434
359812,2.546,1.311,4.161688741,131.954,14,0.076,145.1095216,4.624057885,2330,0.365445766,4.502423274,127,3,1.14618E-05,0.060227183,686,10.00022366,326.5204189
292505,2.73,2.624,3.905462389,731.236,66,0.076,118.8437083,5.681916949,3037,0.411135799,6.648837171,172,1,3.35383E-05,0.012399109,565,10.00598535,332.641888
292008,2.573,2.7,3.620001849,320.953,26,0.076,189.5433288,3.528697135,2718,0.89861271,6.691805791,106,3,4.17978E-05,0.008668563,637,10.00372452,329.6553989
275333,2.69,3.087,3.812115846,751.301,64,0.077,131.9352054,7.522811375,3001,0.938780862,8.888206843,164,1,9.58624E-06,0.082295745,661,10.00811636,333.0331548
291417,2.544,1.873,4.160698225,307.957,28,0.078,215.1038168,3.244675037,2664,0.796850063,8.755958868,181,1,1.57909E-05,0.009564399,561,10.00738173,328.6291989
356690,2.69,3.114,2.352651724,913.228,64,0.078,74.89151531,6.740424023,2893,0.430926678,6.573128102,145,5,7.43874E-06,0.046809039,586,10.00190362,322.6255261
342400,2.544,2.38,2.927809,358.225,28,0.078,81.84309972,5.382353247,2077,0.077153655,4.603427361,133,4,1.36164E-05,0.078842901,602,10.00334808,326.6352145
269475,2.726,2.88,3.816045267,732.676,66,0.08,229.4173035,4.013131435,2235,1.066477395,8.412515325,157,4,7.76865E-06,0.007905451,572,10.00404168,324.3715252
299625,2.539,1.791,3.980453379,694.96,56,0.083,245.1652216,7.743404425,2930,0.88808352,6.999893742,192,3,4.56542E-06,0.053066466,635,10.0079966,328.2333652
279256,2.348,2.223,3.422888441,834.696,66,0.089,175.7953286,7.970085584,2590,0.308783345,3.671825178,197,4,2.88107E-05,0.052135562,673,10.00509477,323.3761619
295406,2.647,3.04,2.715589618,537.355,34,0.092,65.18765555,7.99252205,2602,0.619778655,5.60707077,109,5,2.36991E-05,0.085189796,678,10.00513481,330.6530336
298920,2.981,2.647,3.677714431,1077.384,88,0.093,118.4506605,2.424538438,2387,0.407220925,10.32147903,169,1,2.58778E-05,0.050707551,668,10.00430401,324.9771305
295457,2.598,2.082,3.473154504,1374.684,128,0.094,134.349568,6.821251701,2158,0.018942458,8.704143482,155,3,4.69285E-05,0.096324833,674,10.00036091,331.1627065
344088,2.527,2.128,2.679356259,780.749,56,0.095,121.8365601,8.089512033,2342,0.066939671,5.832923483,187,5,2.82853E-05,0.027895218,671,10.00709171,325.465322
338919,2.339,0.033,3.067142854,628.652,60,0.111,241.7098703,7.472249203,2831,0.493747331,9.640050368,123,2,2.74526E-05,0.024100855,585,10.00495364,323.3799268
349362,2.342,0,3.423737319,377.974,36,0.112,82.04445886,6.708870913,2090,0.068956725,4.964946339,194,1,3.92656E-05,0.086225037,600,10.00186871,332.0274066
271914,2.836,2.611,3.919996239,1248.278,92,0.122,92.17239163,3.535706037,2144,0.034949683,7.481382208,160,4,3.95387E-05,0.048192329,632,10.00013791,332.3763881
365546,2.532,2.72,2.854090379,168.54,16,0.005,212.400907,7.138612913,3048,0.451821508,10.12804897,116,2,1.37909E-05,0.027850084,595,10.0047874,324.9973922
311670,2.532,2.918,2.835060592,344.33,32,0.005,101.9060588,3.606994095,2548,0.213697227,7.954331757,172,1,3.22244E-05,0.017803643,658,10.00560746,321.6445832
284645,2.532,2.994,3.043767256,347.939,32,0.005,201.212087,3.481892962,2270,0.821195988,10.20865912,109,4,2.41422E-05,0.082011099,668,10.0076546,333.4009029
329707,2.531,2.841,2.886482607,338.972,32,0.006,128.2408336,7.695378944,2149,0.454258931,6.707292762,200,5,1.78209E-05,0.028678229,603,10.00582995,329.229846
289111,2.527,2.8,3.921050178,176.442,16,0.01,143.8436361,2.669291132,2312,0.656113394,4.705654089,140,1,1.96288E-06,0.003830068,584,10.00621287,331.163678
320086,2.729,2.973,3.970676098,258.73,22,0.012,245.3752451,3.657820037,2371,0.225488891,3.980160047,165,2,2.8444E-05,0.02478799,682,10.00179234,327.6167662
304346,2.523,2.693,3.557592322,346.674,32,0.014,184.5382281,7.350898395,2395,0.156799193,7.091225911,146,4,2.14264E-05,0.094246201,667,10.00581284,328.2415704
338239,2.522,2.757,2.243765308,339.508,32,0.015,134.8760726,4.803556091,2506,0.243190672,8.822018759,134,3,8.68976E-06,0.016021964,625,10.00296064,325.8561382
312910,2.418,1.176,2.965808629,424.186,40,0.033,162.9180387,4.75144723,2307,1.026018304,3.496313144,174,1,3.4917E-05,0.035239726,669,10.00709324,329.4027967
351735,2.376,1.422,2.466052711,345.946,28,0.06,166.1166587,3.880144732,2039,0.658279591,7.812224998,138,1,4.11409E-06,0.077106719,552,10.00315839,329.1672685
316679,2.374,1.265,3.034638676,176.01,14,0.062,57.03256888,2.09183049,2418,0.987939804,4.688716051,189,4,1.26217E-05,0.091378332,611,10.00307628,323.4387196
320588,2.371,1.398,3.990737445,351.446,28,0.065,82.11904001,4.580108141,2251,0.746880422,5.149493959,123,4,3.43317E-05,0.075426398,681,10.00791753,328.0293882
356419,2.675,2.969,2.27953416,783.351,66,0.065,230.5079478,7.294719349,2566,0.331020603,3.893379189,137,1,1.8492E-05,0.054186322,554,10.00354639,324.8692816
348709,2.37,1.194,2.482886842,696.129,56,0.066,88.38637377,4.372017309,2836,0.305564333,5.033296757,158,3,4.2407E-05,0.082197618,555,10.00640931,324.4720664
329670,2.369,1.31,2.627916703,692.711,56,0.067,91.54534085,8.080022137,2313,0.588787294,3.208051361,102,2,2.61009E-05,0.07085218,600,10.00818769,324.0005573
359967,2.467,2.916,3.582453301,719.179,64,0.07,88.25006485,4.440950595,2312,0.892517752,10.48122414,164,3,4.80539E-05,0.069864907,634,10.00549261,329.0378999
289787,2.455,2.344,3.681343878,309.993,26,0.07,131.6933739,4.347725954,3033,0.62803858,7.449337992,108,2,2.63243E-06,0.031463921,647,10.00663282,321.9780532
315942,2.365,1.527,2.88804825,346.421,28,0.07,149.0477692,3.642788228,2917,0.505341486,7.605840384,153,5,4.21311E-05,0.032514375,552,10.00020123,329.3926101
286148,2.453,2.84,3.016243048,278.304,26,0.072,206.0816066,5.093253574,2733,1.030173874,8.829530028,180,3,2.77468E-05,0.020048088,644,10.00238656,321.2327914
354645,2.858,3.273,3.048068216,967.213,68,0.075,120.6309218,3.440342668,3049,0.196517982,10.20378376,103,4,4.46162E-06,0.058498275,612,10.00613491,332.3201072
335891,2.591,2.744,2.963784007,899.635,64,0.076,134.3891035,6.091531977,2857,0.872905641,10.67315194,112,4,2.52737E-05,0.089023572,614,10.00513577,323.9180625
351157,2.353,1.411,2.876925466,337.098,28,0.082,93.17161303,3.734132439,2609,0.269824589,4.283137924,124,5,6.31493E-06,0.009563114,575,10.00885622,333.0087998
328516,2.352,0.77,2.752177339,280.858,28,0.083,216.5295125,3.094561171,2624,0.663843675,4.545464754,175,5,1.72362E-05,0.038849061,624,10.00665261,329.5973776
317715,2.352,1.367,2.251065693,357.496,28,0.083,149.021381,6.216200547,2708,0.094139938,6.420366595,147,3,6.32722E-06,0.067533047,620,10.00312765,323.6309551
264447,2.351,0.871,3.480004484,139.432,14,0.084,142.6746264,6.789330828,2762,0.356381288,4.069249378,180,2,2.97426E-05,0.008771565,639,10.00290048,321.8382114
352896,2.351,1.323,3.177468993,349.762,28,0.084,74.02374231,2.110061318,2365,0.832124331,7.566195749,110,3,3.01318E-05,0.097702629,664,10.00151931,321.5083392
264074,2.574,2.842,2.439106067,735.894,64,0.094,158.8137328,6.171325123,2738,1.00454249,10.28017296,118,3,1.61428E-05,0.05442394,650,10.0074215,322.5798344
325029,2.339,0.736,2.643437952,291.06,28,0.097,75.60959915,2.996309532,3077,1.053569182,8.935939772,114,4,2.45662E-05,0.054349514,597,10.00481075,322.1240706
324038,2.327,0.702,2.249606057,327.583,28,0.109,110.2091087,3.949536868,2826,0.982953873,4.331852671,167,5,4.95567E-05,0.074550606,555,10.00984086,329.8660708
315599,2.291,0.511,4.161645625,126.395,14,0.144,76.99230075,7.026778754,2298,0.238852964,7.569195611,172,2,2.07137E-05,0.038788549,600,10.00212581,329.7196044
304078,2.012,0.717,3.867781434,216.338,22,0.19,82.80760653,6.783806024,2905,0.856757894,6.602537766,128,1,6.29751E-06,0.026376496,616,10.00293356,323.0927772
350833,2.904,0.904,3.6980681,441.742,38,0.012,71.38141928,6.944054039,2327,0.668249727,9.451343033,112,2,2.38941E-05,0.002679471,638,10.00790225,322.9143825
265586,2.755,2.346,2.939922517,528.536,46,0.019,156.5069306,3.141875556,2252,0.845006896,5.150882062,104,1,1.69829E-05,0.022194462,663,10.00280907,332.5017525
324380,2.946,3.286,2.378493362,521.131,44,0.02,76.24673788,5.749733836,3079,0.730365996,8.738420456,151,5,2.17367E-05,0.064986387,601,10.00861044,325.5437143
320722,2.194,0.311,2.24949332,595.723,63,0.028,126.4167422,5.479877541,2705,0.238852467,10.65990391,106,3,2.1355E-06,0.099897518,613,10.00539839,330.8912604
321445,2.69,0,3.076228963,302.156,25,0.031,165.6259614,2.303883286,2837,0.736379918,4.788205964,144,4,3.89155E-05,0.020247961,650,10.00105028,332.418399
277107,2.894,2.865,3.149826305,665.118,54,0.043,236.4146051,5.579584616,2626,0.835334438,7.453420741,190,5,3.50424E-05,0.040727535,612,10.00804401,330.5299497
312868,2.736,2.164,3.253057314,381.117,28,0.045,73.57024481,5.374655161,3035,0.118824749,5.829902187,129,1,9.01361E-07,0.031377482,619,10.00286021,332.1219214
303639,2.61,2.045,4.021551578,590.331,45,0.05,114.6283087,3.292631959,2598,0.803071185,6.049541357,195,1,3.43552E-05,0.071621984,658,10.0051492,329.3743478
300637,2.958,3.036,3.704926051,430.361,34,0.054,104.4369959,2.449362255,2224,0.948959163,3.876651405,103,4,3.68029E-05,0.060456777,557,10.00530152,325.4923893
329898,2.801,0.714,2.910021041,858.022,80,0.059,70.79611391,3.799952391,2682,0.69642771,8.187758899,141,4,4.13767E-06,0.093902372,619,10.00558632,325.8865174
266005,2.172,0.348,3.379931445,607.507,56,0.059,111.4184489,2.395994879,2766,1.092947583,4.64766766,193,2,4.51335E-05,0.073859882,683,10.0037471,321.442339
324858,2.847,0,2.435912203,472.42,38,0.069,175.7892769,4.658691945,2414,1.0726297,7.757144349,164,5,3.97065E-05,0.004136976,594,10.00148152,330.7556237
354331,2.372,1.154,3.171697474,290.951,32,0.07,104.6181684,3.750805528,3002,0.809951971,8.754267034,179,1,5.09169E-06,0.028150921,596,10.00713126,323.9623253
301391,2.872,2.655,2.246233744,186.943,14,0.082,192.6893977,5.456014094,2504,0.17001932,5.959510498,195,4,2.85164E-05,0.072139615,613,10.00209807,331.9292521
312016,2.868,1.055,3.518766073,307.264,26,0.09,55.39597803,3.263100185,3004,0.491893657,10.47653553,128,5,3.59089E-05,0.075790866,633,10.00918629,329.554086
319371,2.605,0,4.149436929,177.985,15,0.09,250.0834492,5.615955423,3027,0.296167337,6.603304712,169,2,3.67492E-05,0.040777661,618,10.00010173,328.4029906
281823,2.439,0.361,3.262456838,566.407,56,0.092,241.0133644,3.872573389,2684,0.69887316,4.51259103,199,5,2.23572E-05,0.015402603,665,10.00481103,332.1351456
342884,2.58,0.995,2.480871088,310.44,28,0.098,182.4784319,6.729963384,3061,0.142421853,6.340451048,142,2,1.65943E-05,0.033020465,552,10.00802117,325.9700076
336996,2.68,1.161,2.589370053,149.499,13,0.099,164.2044192,2.308050092,2924,0.82942794,4.969308232,176,1,5.58001E-06,0.033982314,584,10.00477418,330.2935077
277698,2.577,0.409,3.36629157,342.663,28,0.1,247.9943216,5.877703164,2657,0.692589611,5.514156813,180,2,2.09404E-06,0.063049519,670,10.00966945,327.080612
304260,2.837,1.892,4.103749248,431.059,38,0.013,53.16564489,2.184092257,2809,0.559493073,8.630550985,166,1,4.62232E-05,0.038227286,621,10.00779713,322.4091017
267461,2.791,3.056,3.600549164,324.509,20,0.03,191.8131337,2.88450366,2185,0.169774486,4.553754032,194,1,4.49516E-05,0.073535246,651,10.00350503,332.4671951
346785,2.79,2.427,4.022291595,335.392,30,0.031,133.3411945,3.372608282,2530,0.428548214,8.495935716,122,1,1.83936E-05,0.007183189,621,10.00671423,322.2483678
354458,2.563,0,3.020970116,299.319,25,0.031,69.63651265,6.810600549,2607,0.328144326,7.055269157,147,5,6.78494E-06,0.097767538,587,10.00613422,329.341215
281733,2.896,3.342,4.088719344,330.953,26,0.032,195.873791,6.094124976,2808,0.587778011,8.656684932,157,1,1.53616E-05,0.08977555,568,10.00114461,330.5535462
304470,2.632,3.118,3.621599506,514.551,46,0.032,187.4433229,3.772247531,2226,0.981842965,4.774756687,199,2,4.08193E-05,0.056389304,586,10.00850912,327.0651165
293348,2.875,3.394,2.300040894,510.174,44,0.034,143.6788537,6.712847721,2871,0.117596591,5.946419812,161,4,3.08631E-06,0.097658639,564,10.00978212,322.7434757
262462,2.785,2.596,2.811364923,878.288,80,0.036,73.0831786,7.107866293,2166,0.082932634,6.971490483,107,4,1.87582E-05,0.03832705,606,10.00490725,330.9384359
268607,2.585,1.626,4.092653058,178.21,15,0.039,232.0416597,6.320890921,2821,0.292646384,8.062732273,197,5,5.55484E-06,0.030666593,681,10.00327645,324.9060569
274130,2.886,3.16,3.948027397,337.873,26,0.041,134.8821025,4.664316288,2524,0.224869035,7.750669239,186,4,1.88772E-05,0.099366754,551,10.00765103,328.2541241
322056,2.694,2.325,3.795343885,435.364,34,0.044,53.95171037,2.59511109,2026,0.455134874,10.01494663,132,1,4.3918E-05,0.095648309,623,10.00300808,331.7940386
317448,2.691,0,3.034231988,846.546,77,0.046,107.4133032,2.040565237,2861,0.072616351,5.279060772,168,1,8.07326E-06,0.022519023,688,10.00603853,332.1169543
355666,2.62,2.117,3.329580663,369.232,28,0.049,149.1180427,6.318364727,2062,0.618409315,9.447755605,179,5,2.9226E-05,0.055467712,688,10.00614021,332.7783495
282537,2.817,2.826,3.892725755,651.656,54,0.05,217.463169,6.268674833,2925,0.425003412,5.769605516,177,1,1.46733E-05,0.051655464,623,10.00242558,329.9427987
262982,2.482,2.23,3.901107695,568.378,45,0.051,178.1741451,5.238391513,2463,0.460552758,3.203058611,146,3,4.1014E-05,0.058549627,594,10.00104518,326.4704144
331254,2.468,0.631,3.798308513,570.329,42,0.058,135.9890164,3.669710376,2609,0.711307086,8.06769709,111,1,1.7612E-05,0.07901623,632,10.00084309,332.0064633
277585,2.565,1.14,3.013124808,173.298,15,0.059,216.0695936,5.724882167,2193,0.668173334,10.1715973,106,4,1.7196E-05,0.099396788,559,10.00975573,328.9902893
289860,2.144,1.955,2.492070412,371.739,31,0.06,142.4605614,3.384848944,2455,0.039367771,6.042917613,146,4,1.08312E-05,0.052553848,638,10.00418451,330.2785102
272242,2.595,3.736,3.075281572,174.618,17,0.063,104.9164236,6.375529461,2175,0.062106172,8.010730317,160,2,4.91083E-05,0.079411049,568,10.00650409,331.5113111
348140,2.911,3.079,2.554535962,431.422,34,0.064,73.91094543,6.549473649,2696,0.945717183,3.46528439,181,4,3.01316E-06,0.016260364,579,10.0047791,328.8908886
318204,2.558,0.931,4.15154645,361.337,30,0.066,80.08576114,2.814932359,2418,0.549265302,7.348053885,146,1,2.60505E-05,0.038244971,600,10.00324053,324.2323632
315815,2.859,2.413,4.136427822,315.39,26,0.068,53.51236252,6.46941729,2308,0.79480984,7.340818294,170,1,2.47589E-05,0.002560035,663,10.00585623,323.8784081
285876,2.555,1.854,3.733605564,179.798,15,0.069,242.6780658,3.964102059,2079,0.300232253,4.379269206,191,5,5.11401E-06,0.014926361,611,10.00986971,322.2273452
290450,2.551,2.292,2.328542922,346.461,28,0.071,121.8780249,5.675982292,2591,0.583405614,3.754796071,196,2,2.14603E-05,0.011288579,684,10.00840543,322.8598313
355349,2.356,1.851,3.756297035,122.581,14,0.071,196.8954504,4.148057087,2200,0.797424712,6.368416182,146,3,1.83772E-05,0.030152299,606,10.00484868,321.0763184
315901,2.647,2.373,3.824790861,593.87,41,0.072,125.433793,3.633385733,2198,0.620551699,4.860801525,103,3,4.65912E-05,0.011615958,594,10.00359066,328.8011686
339338,2.646,2.598,3.996550513,583.402,41,0.072,122.9777759,5.110873391,2486,0.152907557,9.455541518,176,2,3.94986E-05,0.002822593,562,10.00795855,323.1042858
279846,2.646,2.391,3.819423667,582.533,41,0.073,137.5707231,4.046912119,2931,0.367860104,9.560590247,179,3,3.82641E-05,0.038812504,550,10.00275662,321.7795794
329845,2.833,3.041,4.120423422,185.499,14,0.076,159.4052534,2.512388011,2763,0.964809533,10.16877564,101,5,3.97015E-07,0.002368885,564,10.00114275,332.672344
297069,2.768,0,2.642354106,464.73,38,0.081,72.50088006,5.434854795,2688,0.985534055,3.984818811,109,1,3.51109E-05,0.007977437,651,10.00772539,322.1854812
329113,2.633,0.054,2.866216786,438.109,33,0.082,230.0159595,5.371162789,2812,0.549252096,7.261128918,140,1,1.90007E-05,0.083497888,617,10.00492339,327.3873739
345841,2.826,0,3.202761842,373.616,28,0.082,114.1315123,6.940122046,2648,0.370370178,5.836260295,184,2,3.70342E-05,0.024663657,637,10.00750109,324.6998726
293593,2.486,2.254,2.30182701,171.619,20,0.083,79.19164609,3.596246473,2360,0.27193253,8.046338572,176,1,4.49914E-05,0.075118916,567,10.00301755,330.087438
341499,2.635,1.827,2.484373029,610.604,41,0.084,60.64377051,7.348325523,2545,0.410971139,4.076808139,107,1,1.59953E-05,0.029771916,640,10.00953046,331.8602911
365162,2.543,0.232,3.900140102,159.895,15,0.089,186.465821,5.884509297,2084,0.557270325,10.53005249,116,2,1.36206E-05,0.0551063,675,10.00335696,321.2269867
302157,2.927,3.508,3.916811513,391.367,31,0.091,73.68882343,7.295997367,2225,0.6661742,9.888853301,115,2,4.22512E-06,0.033081318,688,10.00720187,330.3104343
298919,2.474,2.173,2.556536906,169.712,20,0.094,111.3231864,4.540575757,2749,0.735268407,8.324932027,121,3,3.39284E-05,0.015302143,588,10.00962828,330.8593655
310295,2.391,0.005,2.56303832,455.754,37,0.094,201.2432952,5.965504027,2391,0.787694595,10.05384916,187,1,4.29991E-06,0.029263955,673,10.00401695,330.7505394
307480,2.524,0.976,2.423264039,258.368,22,0.099,226.433864,3.878107142,2078,0.612362164,10.01537967,175,1,1.98761E-05,0.031576743,636,10.00250141,332.6213182
276768,2.882,0.189,2.707770678,302.599,24,0.104,88.75187078,6.558562639,2675,0.65594844,6.152496462,193,1,1.0932E-05,0.064921316,679,10.00349992,324.4289386
320696,2.132,2.139,3.956934303,384.899,37,0.106,249.4887277,8.06763072,2570,0.235919894,6.703460085,174,1,1.06146E-05,0.026196753,587,10.00917854,324.4197872
276164,2.426,0,2.697177485,547.911,39,0.114,81.58797483,3.52322818,2298,0.426471594,6.967575739,129,1,4.40168E-05,0.009183951,633,10.00957382,323.4404923
311255,2.087,1.492,2.788865899,371.607,31,0.118,97.11008613,4.464802861,2802,0.917851423,6.238118322,193,4,8.14511E-06,0.027169885,676,10.00105891,323.3533152
335833,2.343,2.47,2.906170061,547.959,45,0.024,139.021198,3.757848871,2995,0.675822905,7.86402098,174,3,3.69404E-05,0.088958107,666,10.00490863,325.6271518
330978,2.441,0.376,3.734984219,173.602,15,0.055,241.2420981,3.066978025,2397,0.248663114,9.865697033,171,2,4.37848E-05,0.090687439,640,10.00349044,332.1075869
297044,2.439,0.23,3.527081473,177.312,15,0.057,102.8505017,4.051597223,2086,0.395307452,9.408975135,144,1,5.41063E-06,0.07036178,562,10.00284464,327.8983768
360380,2.862,3.06,2.580997781,418.368,34,0.07,100.3497596,5.612223565,2344,0.115092461,7.646982548,130,4,4.25618E-05,0.011718285,621,10.00789295,331.5336565
351554,2.545,2.685,3.334759019,171.772,17,0.071,55.33114789,7.90949586,2040,1.050537523,6.419206917,137,1,5.91873E-06,0.062068526,551,10.00591145,321.4551312
265815,2.25,0.005,3.335546673,552.402,42,0.076,183.2430569,2.740225591,2759,0.418430512,10.70512759,188,2,9.47557E-06,0.035501976,558,10.00229679,322.0746715
266933,2.529,0.176,2.894702808,428.648,35,0.082,213.9298241,4.9476561,2155,0.078002979,10.51166288,197,2,1.35178E-05,0.001097315,635,10.00895288,332.5739088
343293,2.348,1.333,4.082899379,214.044,14,0.087,130.7141868,5.919779837,2749,1.036338735,7.28920639,122,1,4.93814E-05,0.075020262,676,10.00767724,327.6860484
317849,2.406,0.323,4.068619298,176.207,15,0.09,90.36377021,4.542461644,2725,0.407171649,9.774238689,195,5,4.77913E-05,0.094435993,626,10.00511323,330.8190438
